{
	"partitions" : [
		{
			"name" : "Top",
			"pins" : [
				{
					"name" : "output[0]",
					"strict" : false
				},
				{
					"name" : "output[1]",
					"strict" : false
				},
				{
					"name" : "output[2]",
					"strict" : false
				},
				{
					"name" : "output[3]",
					"strict" : false
				},
				{
					"name" : "output[4]",
					"strict" : false
				},
				{
					"name" : "output[5]",
					"strict" : false
				},
				{
					"name" : "output[6]",
					"strict" : false
				},
				{
					"name" : "output[7]",
					"strict" : false
				},
				{
					"name" : "output[8]",
					"strict" : false
				},
				{
					"name" : "output[9]",
					"strict" : false
				},
				{
					"name" : "output[10]",
					"strict" : false
				},
				{
					"name" : "output[11]",
					"strict" : false
				},
				{
					"name" : "output[12]",
					"strict" : false
				},
				{
					"name" : "output[13]",
					"strict" : false
				},
				{
					"name" : "output[14]",
					"strict" : false
				},
				{
					"name" : "output[15]",
					"strict" : false
				},
				{
					"name" : "overflow",
					"strict" : false
				},
				{
					"name" : "input2[0]",
					"strict" : false
				},
				{
					"name" : "input1[0]",
					"strict" : false
				},
				{
					"name" : "sel[2]",
					"strict" : false
				},
				{
					"name" : "sel[1]",
					"strict" : false
				},
				{
					"name" : "sel[0]",
					"strict" : false
				},
				{
					"name" : "sel[3]",
					"strict" : false
				},
				{
					"name" : "input2[1]",
					"strict" : false
				},
				{
					"name" : "input1[8]",
					"strict" : false
				},
				{
					"name" : "input1[1]",
					"strict" : false
				},
				{
					"name" : "input1[2]",
					"strict" : false
				},
				{
					"name" : "input1[9]",
					"strict" : false
				},
				{
					"name" : "input2[3]",
					"strict" : false
				},
				{
					"name" : "input2[2]",
					"strict" : false
				},
				{
					"name" : "input1[3]",
					"strict" : false
				},
				{
					"name" : "input1[10]",
					"strict" : false
				},
				{
					"name" : "input1[4]",
					"strict" : false
				},
				{
					"name" : "input1[11]",
					"strict" : false
				},
				{
					"name" : "input2[5]",
					"strict" : false
				},
				{
					"name" : "input2[4]",
					"strict" : false
				},
				{
					"name" : "input1[5]",
					"strict" : false
				},
				{
					"name" : "input1[12]",
					"strict" : false
				},
				{
					"name" : "input1[6]",
					"strict" : false
				},
				{
					"name" : "input1[13]",
					"strict" : false
				},
				{
					"name" : "input2[7]",
					"strict" : false
				},
				{
					"name" : "input2[6]",
					"strict" : false
				},
				{
					"name" : "input1[7]",
					"strict" : false
				},
				{
					"name" : "input1[14]",
					"strict" : false
				},
				{
					"name" : "input1[15]",
					"strict" : false
				},
				{
					"name" : "input2[9]",
					"strict" : false
				},
				{
					"name" : "input2[8]",
					"strict" : false
				},
				{
					"name" : "input2[11]",
					"strict" : false
				},
				{
					"name" : "input2[10]",
					"strict" : false
				},
				{
					"name" : "input2[13]",
					"strict" : false
				},
				{
					"name" : "input2[12]",
					"strict" : false
				},
				{
					"name" : "input2[14]",
					"strict" : false
				},
				{
					"name" : "input2[15]",
					"strict" : false
				}
			]
		}
	]
}