{
	"partitions" : [
		{
			"name" : "Top",
			"pins" : [
				{
					"name" : "led0[0]",
					"strict" : false
				},
				{
					"name" : "led0[1]",
					"strict" : false
				},
				{
					"name" : "led0[2]",
					"strict" : false
				},
				{
					"name" : "led0[3]",
					"strict" : false
				},
				{
					"name" : "led0[4]",
					"strict" : false
				},
				{
					"name" : "led0[5]",
					"strict" : false
				},
				{
					"name" : "led0[6]",
					"strict" : false
				},
				{
					"name" : "led0_dp",
					"strict" : false
				},
				{
					"name" : "led1[0]",
					"strict" : false
				},
				{
					"name" : "led1[1]",
					"strict" : false
				},
				{
					"name" : "led1[2]",
					"strict" : false
				},
				{
					"name" : "led1[3]",
					"strict" : false
				},
				{
					"name" : "led1[4]",
					"strict" : false
				},
				{
					"name" : "led1[5]",
					"strict" : false
				},
				{
					"name" : "led1[6]",
					"strict" : false
				},
				{
					"name" : "led1_dp",
					"strict" : false
				},
				{
					"name" : "led2[0]",
					"strict" : false
				},
				{
					"name" : "led2[1]",
					"strict" : false
				},
				{
					"name" : "led2[2]",
					"strict" : false
				},
				{
					"name" : "led2[3]",
					"strict" : false
				},
				{
					"name" : "led2[4]",
					"strict" : false
				},
				{
					"name" : "led2[5]",
					"strict" : false
				},
				{
					"name" : "led2[6]",
					"strict" : false
				},
				{
					"name" : "led2_dp",
					"strict" : false
				},
				{
					"name" : "led3[0]",
					"strict" : false
				},
				{
					"name" : "led3[1]",
					"strict" : false
				},
				{
					"name" : "led3[2]",
					"strict" : false
				},
				{
					"name" : "led3[3]",
					"strict" : false
				},
				{
					"name" : "led3[4]",
					"strict" : false
				},
				{
					"name" : "led3[5]",
					"strict" : false
				},
				{
					"name" : "led3[6]",
					"strict" : false
				},
				{
					"name" : "led3_dp",
					"strict" : false
				},
				{
					"name" : "switch[3]",
					"strict" : false
				},
				{
					"name" : "button[0]",
					"strict" : false
				},
				{
					"name" : "button[1]",
					"strict" : false
				},
				{
					"name" : "switch[1]",
					"strict" : false
				},
				{
					"name" : "switch[0]",
					"strict" : false
				},
				{
					"name" : "switch[7]",
					"strict" : false
				},
				{
					"name" : "switch[6]",
					"strict" : false
				},
				{
					"name" : "switch[2]",
					"strict" : false
				},
				{
					"name" : "switch[8]",
					"strict" : false
				},
				{
					"name" : "switch[9]",
					"strict" : false
				},
				{
					"name" : "switch[5]",
					"strict" : false
				},
				{
					"name" : "switch[4]",
					"strict" : false
				}
			]
		}
	]
}